2025-12-13_15-49-42,0,draft.py:2025-12-13_15-49-42
2025-12-13_16-10-18,0,draft.py:2025-12-13_16-10-18
2025-12-13_16-10-31,0,draft.py:2025-12-13_16-10-31
2025-12-13_16-10-56,0,draft.py:2025-12-13_16-10-56
2025-12-13_16-11-07,0,draft.py:2025-12-13_16-11-07
2025-12-13_16-22-08,0,draft.py:2025-12-13_16-22-08
2025-12-13_16-24-43,0,draft.py:2025-12-13_16-24-43
2025-12-13_19-16-16,0,draft.py:2025-12-13_19-16-16
2025-12-13_19-28-54,0,draft.py:2025-12-13_19-28-54
2025-12-13_23-15-01,0,draft.py:2025-12-13_19-28-54
2025-12-13_23-25-28,0,draft.py:2025-12-13_23-25-28
2025-12-13_23-35-17,0,draft.py:2025-12-13_23-35-17
2025-12-13_23-36-05,---,draft.py:2025-12-13_23-35-17
2025-12-13_23-38-11,0,draft.py:2025-12-13_23-38-11
2025-12-13_23-40-24,0,draft.py:2025-12-13_23-40-24
2025-12-13_23-43-23,0,draft.py:2025-12-13_23-40-24
2025-12-13_23-43-31,---,draft.py:2025-12-13_23-40-24
2025-12-13_23-50-23,0,draft.py:2025-12-13_23-40-24
